name,age,dpi,salary,email
Charles Martin,67,2472572370101,45000,weaverbrittany@example.org
Janice Estrada,51,4932361750101,35000,veronicasmith@example.org
Nicholas Richards,77,5154846280101,35000,michelle24@example.net
Heather Smith,51,3287397610101,3700,zwilcox@example.org
Hailey Shea,76,4648489790101,7000,codyhampton@example.net
Jessica Kelly,24,2414231370101,3700,ljohnston@example.com
Jessica Taylor,32,3639892340101,20000,lopezkevin@example.org
Erin Pope,19,4327596920101,40000,stacy94@example.net
Michael Hernandez,54,4457352910101,28000,christopherwilkins@example.com
Daniel Parsons,31,4358965420101,7000,clinerichard@example.com
Robert Villa,35,5951441670101,3000,kimberly11@example.net
Ashley Freeman,48,3537269520101,14000,donald11@example.net
Patrick Williams,55,4455483250101,35000,bgarcia@example.net
Alexander Rodriguez,55,5597974790101,20000,dawn04@example.net
Molly Baker,37,3137228210101,35000,kristen86@example.net
Terry Sutton,52,2549233150101,28000,michaelyoung@example.com
Jennifer Garner,25,2563243980101,7000,zavalahannah@example.net
Dennis Hall,37,3967111170101,3000,ronald61@example.net
Anthony Fisher,31,5165491940101,3700,stevenwhite@example.com
Christopher James,75,2732495420101,28000,baileykatherine@example.net
John Garcia,18,4418112730101,20000,carrollpatrick@example.org
Scott Cantu,78,2663927740101,45000,vgreen@example.com
Danielle Allen,45,2647819530101,3700,kimdavid@example.com
James King,62,4866478780101,14000,ethan70@example.net
Timothy Sullivan,23,2663914870101,3000,coxkenneth@example.net
Joseph Duncan,75,2348437970101,2800,evansjeffrey@example.net
Brian Mack,32,5736919420101,3700,benderjessica@example.com
Larry Charles,29,3655362860101,45000,laurajohnson@example.com
Laura King,69,3146884540101,45000,darrell00@example.com
William Delgado,57,2725188710101,28000,kelly00@example.com
Kenneth Cruz,42,5928667470101,45000,linda64@example.org
Timothy Rodriguez,31,5284894550101,7000,nlewis@example.net
Michael Griffin,70,5949415490101,28000,alejandrotaylor@example.org
Haley Hughes,79,4418963940101,2800,henryjohn@example.net
David Sloan,27,2732364190101,2800,davidharris@example.com
Matthew Kirk,34,4287825270101,20000,mcclainwilliam@example.com
Cody West,44,4989556270101,14000,james94@example.net
Jason Bruce,40,2255483990101,3000,miguel59@example.com
David Nelson,76,2317774920101,3000,estradajeremy@example.org
Donald Davis,48,4131435580101,7000,hernandezdavid@example.org
John Weaver,27,2236468380101,20000,scottberger@example.net
David Estes,74,5472542310101,20000,sfaulkner@example.net
Hannah Herrera,58,4441249120101,45000,katie27@example.org
Patricia Walker,50,2647196220101,7000,owood@example.net
Heidi Riley,64,5475417570101,40000,ihill@example.net
Ashley Park,53,4592253920101,14000,robertsnatasha@example.org
Sandra Johnson,53,2436749760101,7000,kayladiaz@example.com
Aaron Craig,32,3734326530101,28000,carrie07@example.com
Elizabeth Black,48,4871425560101,3000,jeremyyates@example.org
Henry Johnson,32,4182821810101,28000,ilevine@example.com
Max Montgomery,56,3395444860101,20000,richardsonpaul@example.com
Katherine Cunningham,65,5433375370101,45000,mcknightjames@example.net
Dr. Kevin Wood DVM,65,2496789910101,2800,chavezhenry@example.com
Lauren Garcia,49,5129722140101,28000,jamesmoody@example.org
Robert Fox,78,3263985420101,45000,smithcalvin@example.com
Daniel Lang,72,3613954220101,45000,leejeffrey@example.com
Angela Johnson,49,4257819670101,45000,jonesjamie@example.org
Alec Hopkins,20,5364754810101,3000,bparker@example.com
Casey Casey,39,3972571240101,45000,sharon24@example.net
Lisa Patterson,73,4533352310101,35000,vincentdiaz@example.org
Crystal Erickson,25,3337535390101,40000,eanderson@example.net
Robert Park,30,5562211650101,3700,vasquezray@example.net
Hayley Garcia,29,3788672720101,7000,hollysampson@example.org
Elizabeth Washington,24,3891671190101,7000,mooremariah@example.org
Melody Lee,47,2252279680101,35000,tamara56@example.org
Wendy Young,24,3154375210101,3700,abrown@example.net
Heather Ross,46,5229168130101,40000,jenniferbrown@example.org
Rachel Powell,38,5161838760101,35000,nicole89@example.com
Steven Lee,72,5734477240101,3000,qwise@example.net
Justin Rodriguez,26,3471834930101,2800,khebert@example.com
Brian Bentley,18,4354743940101,20000,hebertphillip@example.net
Gregory Ferguson,62,4995968290101,35000,hlevy@example.net
Steven Hurst,52,2152199970101,14000,kimberly80@example.net
Sarah Wilkerson,66,2235377240101,3700,mcintyrecarol@example.org
Stephen Diaz,68,5963823530101,40000,vchan@example.com
Andrew Russo,69,2785294710101,35000,vanderson@example.com
Sarah Brewer,33,5927675840101,7000,michaelkirk@example.com
Stephen Martin,65,5378765350101,3700,swansonlinda@example.com
Rebecca May,46,2669259720101,14000,clopez@example.com
Carrie Bean,35,2499957750101,7000,meganwallace@example.com
Michael Thomas,43,5952799130101,20000,douglaskey@example.net
Jennifer Hodges,35,2445826390101,40000,rbrown@example.net
Ricky Murphy,57,3243251550101,35000,elizabeth71@example.net
Jessica Baker,58,4992465790101,28000,breannamiller@example.com
Caroline Kelly,24,3644152680101,7000,kennethobrien@example.com
Rebecca Cox,53,5548179180101,2800,katiewallace@example.net
Ray Valdez,48,2749551450101,2800,clee@example.net
Michael Robles,22,3337121350101,28000,luis15@example.net
Tara Meza,78,2414467220101,20000,michael71@example.net
Deborah Martin,48,3253775190101,20000,sherrireid@example.org
Michael Williams,27,4259341380101,14000,dguzman@example.net
Amy Logan,27,5253175350101,35000,conwaycrystal@example.net
Lisa Sanchez,78,2878262970101,3700,cannonjacob@example.net
Karen Kirby,23,3636455480101,28000,loributler@example.com
Christopher Chen,37,5354793760101,14000,alicianorman@example.com
Mark Phillips,59,4652297940101,3000,sjones@example.org
Christopher Webster,67,5558141530101,3000,glenda36@example.net
Steven Ruiz,35,3184772440101,28000,christopherking@example.com
Denise Johnson,59,2391652370101,2800,pierceryan@example.com
Thomas Wells,30,5672438370101,35000,tlynch@example.org
John Bennett,42,3526811180101,45000,pamelabarnett@example.org
Johnathan Anthony,35,3485499390101,3000,brittany08@example.net
Perry Cordova,40,2287536920101,3000,robinlam@example.net
Kyle Kennedy,59,2344786120101,2800,josephramos@example.net
Eric Arias,60,3738264330101,3000,michaelrobinson@example.net
Melinda Riddle,77,5863276740101,2800,shanesnyder@example.org
James Owens,58,4711737430101,7000,tylerjohnson@example.com
Stacy Peters,67,4655269910101,2800,ortegaryan@example.org
Brian Rodriguez,34,5394767410101,40000,wvaughan@example.org
Stacy Hughes,53,5558342860101,35000,spenceramy@example.com
Johnny Rogers,75,5761172730101,2800,andrew52@example.com
Frederick Wood,34,3283812470101,35000,lowejustin@example.net
Lisa Stuart,21,4636149910101,14000,gmendez@example.org
Tiffany Gardner,54,2323382870101,2800,ethanhawkins@example.org
Kurt Blair,67,2689235940101,2800,garciaryan@example.org
Joshua Mullins,21,5768431260101,40000,josephking@example.net
Anna Cannon,55,4839332120101,14000,nicholscarrie@example.com
John Reynolds,51,2826734690101,2800,zachary36@example.org
Jordan Nguyen,37,3714867420101,14000,ucurry@example.com
Michelle Scott,38,2497182750101,3700,adamgregory@example.com
William Sheppard,68,5491225870101,20000,baustin@example.com
Alexander Macdonald,77,3251814890101,20000,rdillon@example.net
Timothy James,68,5868684410101,45000,amanda87@example.com
Lindsey Knox,34,3322244450101,20000,huntjessica@example.com
Jacqueline Harris,49,5723596450101,20000,heather70@example.com
Richard Browning,37,2285834720101,7000,jesusstanley@example.net
Amber Wolfe,45,5745693250101,35000,boydchristopher@example.com
Whitney Norman,30,4932359860101,40000,jessicaedwards@example.com
Brett Gay,74,4435928850101,3000,amanda58@example.com
Eric Nguyen,26,4885431540101,20000,albert07@example.org
Ronald Potter,54,2296698440101,7000,laurie27@example.com
Jill Ramirez,72,3286427460101,28000,kara98@example.org
Samantha Lee,41,4469114580101,28000,carsondonald@example.com
Christopher Lucas,31,5398757720101,35000,richard13@example.org
Troy Smith,68,2516473310101,45000,vanessa80@example.com
Donna Hutchinson,60,5846861290101,28000,amanda61@example.net
Angela Robinson,49,3266447410101,2800,jking@example.org
Bob Waters,69,2893239760101,40000,zbarber@example.net
Billy Costa,36,2289375380101,2800,donaldcooper@example.org
Joe Smith,43,3848313920101,35000,holmesveronica@example.org
James Woods,55,2979573950101,3000,velezmatthew@example.org
Eric Carter,44,2415538130101,3700,youngmichael@example.net
Holly Rodgers,56,2155366230101,20000,cantudonna@example.org
Nathan Morales,80,5919511920101,3700,ijackson@example.com
Darius Gray,57,5548164170101,3000,rhondabass@example.org
Omar Ramirez,52,4816595630101,7000,brett02@example.org
Isaac Simmons,71,5537322560101,7000,dmiller@example.org
Nancy Thornton,33,3712172670101,7000,colejasmine@example.com
Eileen Ramos,34,5825321960101,35000,yatesmarilyn@example.com
Ashley Hart,72,4665219770101,14000,edwardedwards@example.net
Hannah Preston,70,3661482580101,14000,xdoyle@example.net
Mike Keith,29,3455117360101,2800,grobertson@example.net
Megan Walker,60,2143752230101,28000,susan58@example.org
Patrick Alvarez,47,4698668220101,35000,xharris@example.org
Alison Thornton,38,3454987840101,7000,josephberger@example.net
Michael French,45,2163163980101,28000,gedwards@example.net
Eric Adams,75,4714976330101,3000,brownsean@example.net
Stephanie Morgan,27,2817627360101,3700,alexanderraymond@example.net
Laurie Bryant,32,4356489220101,2800,ssmith@example.net
William Mclaughlin,59,2148499840101,40000,williamsonheather@example.com
Ronnie Murphy,50,3738238520101,35000,csmith@example.net
Brian Johnson,33,4792428910101,14000,brownamber@example.net
Jason Wells,36,5894825920101,3000,alexanderblack@example.org
Gregory Hunt,68,3856423290101,28000,uarias@example.org
Heather Jackson,48,2821893940101,7000,twilliams@example.org
Angela Young,79,2448167640101,45000,sarah06@example.com
Jacqueline Daniels,73,2616597790101,20000,orobles@example.net
Colleen Huffman,59,2567911920101,3700,xgraham@example.net
Jack Smith,55,4325485750101,40000,william43@example.com
Ashley Gibbs,48,4896135480101,3700,peter61@example.net
Christopher Sullivan,44,5616372720101,28000,suzanne84@example.org
Tara Mullen,31,5826262210101,28000,james80@example.org
Rachel Brown,68,2817496680101,45000,nathan52@example.com
Barbara Walker,68,3897924340101,40000,jeffreyfreeman@example.com
Diane Ford,19,5692771460101,7000,cherylprice@example.net
Rebecca Graham,42,4389366330101,35000,harrisjessica@example.net
Gina Durham,69,3172671140101,35000,johnsonjohn@example.net
Rachel Thompson,55,2291256240101,7000,haileymartinez@example.org
Melinda Bowen,61,2134435530101,3700,margaret94@example.org
Brianna Dunn,72,2317882870101,28000,kevinclark@example.net
Amanda Montoya,39,5562554470101,40000,pbutler@example.org
Jessica Peters,50,4956393480101,40000,davidhunt@example.com
Sherry Lynch,35,2567487940101,2800,ooliver@example.org
Brian Frey,37,3239375770101,20000,crawfordkevin@example.com
James Rice,69,4359245740101,3000,barrymiller@example.com
Michael Espinoza,26,4329997780101,14000,tiffany90@example.com
Michele Mitchell,41,5322335590101,2800,rachel20@example.org
Brianna Merritt,31,3954477690101,3700,yjohnson@example.net
Mrs. Tammy Castillo,49,3294926120101,20000,kayleeskinner@example.com
Laura Smith,18,3455835710101,35000,erios@example.net
Paula Cox,55,5237184690101,20000,murrayvanessa@example.net
Paul Campbell,58,3111497380101,2800,andersonjeffrey@example.org
Jennifer Adams,33,3718197560101,28000,michaelwilson@example.org
Jesse Sullivan,31,3579356780101,7000,samantha94@example.com
Christine Williams,77,2963964190101,35000,randywillis@example.com
Adam Anderson,25,3997422940101,35000,lawsonrodney@example.org
Eric Schneider,28,2473674720101,20000,devin31@example.org
Kelli Berry,67,4563856740101,2800,cindy52@example.com
Jonathan Price,47,2996887850101,28000,bradleydebra@example.com
Kenneth Williams,49,3667535750101,28000,greerheather@example.com
Christine Hernandez,19,2976684550101,14000,janice45@example.net
David Anderson,20,2391384980101,20000,frynicole@example.net
Meghan Calderon,44,5741863460101,45000,jasmineking@example.com
Bethany Green,28,4913829530101,20000,christinejones@example.com
Karen Mcclain,33,5874775660101,28000,wilsondanielle@example.net
Cassandra Smith,52,5197226430101,3700,kwilson@example.org
Marcus Arellano,63,2677326640101,28000,perrydestiny@example.org
Norma Adams,48,4537263170101,7000,katherine97@example.com
Christopher Hughes,19,4267622240101,7000,anthony29@example.com
Jason Lopez,36,2213766190101,20000,rowlandchristina@example.com
Scott Barton,61,2373988330101,45000,reginald09@example.net
Kathleen Brown,61,3912141110101,40000,mistyphillips@example.net
Jesse Hardin,46,2991521630101,2800,prichardson@example.org
Kristina Manning,50,4299146230101,14000,abigail95@example.org
Christopher Jensen,65,5562328580101,45000,barryhorn@example.org
Lori Stewart,63,5437413780101,45000,berryshawn@example.org
Susan Henry,37,4536316990101,45000,jonathan59@example.org
Casey Brewer,34,3936311850101,28000,steventhornton@example.org
Amy Mckinney,30,4492257850101,35000,isteele@example.com
Amy Sutton,41,2635997170101,3000,woodamanda@example.com
Daniel Cabrera,20,5187143680101,28000,groman@example.com
Lori Smith,66,4641587430101,14000,mguzman@example.org
Lisa Dorsey,79,4613441370101,28000,perkinskelsey@example.net
Jessica Flores,48,4547819850101,45000,camposdawn@example.com
Daniel Long,53,3259178240101,7000,kadkins@example.org
Candace Gordon,25,4232299520101,28000,hughesgabriel@example.net
Jose Cook,72,3966257790101,40000,davidthomas@example.com
Brian Harris,29,4498359850101,7000,jeffrey30@example.com
Jacqueline Taylor,51,4245845240101,14000,seth70@example.com
Lori Kaufman,28,4799138930101,40000,esparzamarcus@example.org
Joseph Banks,57,5718115690101,40000,crystal53@example.com
Tyler Gardner,21,5751814490101,35000,zcooper@example.net
Thomas Kim,40,4353981110101,35000,vroberts@example.net
Richard Duran,23,5625286340101,28000,lmorgan@example.net
Sharon Graves,57,3559164320101,45000,millerandrew@example.org
Brittany Ferguson,23,2433549540101,28000,joneill@example.net
Deborah Mathews,47,2768153580101,28000,yanderson@example.net
Erin Robinson,35,3447628710101,45000,caldwellmegan@example.net
Jennifer Bradley,80,2948685160101,2800,bowensteven@example.net
Juan Thomas,24,3953623780101,2800,stephanie53@example.org
Russell Smith,33,3264278950101,14000,ehowe@example.org
Mark Gill,23,2552439340101,3700,samuelwalker@example.com
Michelle Cross,77,5574471840101,2800,harrisonpamela@example.org
Joel Gill,74,2631644110101,35000,dennis88@example.net
Mr. Jason Osborne II,40,3729682680101,7000,otate@example.org
Courtney Kemp,70,4738965420101,2800,richard77@example.com
Melinda Lutz,69,3366514390101,45000,lhall@example.com
Erin Sims,64,2471825260101,45000,deckermichele@example.net
Wendy Edwards,65,3371636910101,35000,julia68@example.net
Brent Kane,47,2563445190101,7000,kimbrenda@example.com
Cassidy Simmons,30,4546723620101,7000,chandlerlauren@example.net
Kelly Marshall,66,5946994610101,40000,nlopez@example.net
Cheryl Long,27,2187649180101,3000,christopherrice@example.com
Joseph Wood,33,4729248480101,20000,johnnylevy@example.com
Mr. Logan Hamilton,70,4125232490101,40000,kkelly@example.net
Joshua Blake,27,5473125750101,45000,fritzmicheal@example.net
Megan Cooper,19,2443795480101,28000,jon09@example.net
Bradley Wallace,76,4712811340101,40000,lmurphy@example.net
Danielle Brown,27,4671424310101,20000,katrinaduke@example.org
Ashley Cameron,29,5644654810101,3700,michael87@example.com
Dr. Michael Taylor,64,2557418560101,3700,shoffman@example.org
Roger Shaffer,32,4774156950101,28000,darlene97@example.net
Tonya Williams,58,4852718310101,40000,alexander91@example.com
Robert Smith,28,5191178270101,7000,igardner@example.org
Ariana Young,67,4729146250101,7000,otate@example.org
Steven Patel,23,5353648820101,40000,daniel46@example.com
Christy Lucas,59,4618653890101,3000,kingchristina@example.net
Carrie Chaney,53,5748193340101,20000,wesley43@example.net
Felicia Sandoval,40,4124571750101,7000,james80@example.net
Beth Reyes,31,5551278890101,35000,williamgraves@example.com
Suzanne Lawrence,58,5342327460101,45000,mariaweber@example.com
Grace Coleman,49,5796745670101,35000,kayla29@example.org
James Cruz,55,2391959960101,3000,cunninghamamanda@example.net
Savannah Bryan,59,4154778370101,3700,pconner@example.org
Anna Ryan,33,4541313590101,28000,imccall@example.com
Sherry Jones,22,4846813710101,3000,bfox@example.net
Pamela Perry,45,2232222340101,14000,ygibbs@example.com
Gregory Nguyen,63,4443713240101,7000,sburke@example.net
Vanessa Mclean,47,3121547680101,7000,cynthialarsen@example.net
Benjamin Smith,31,3961929180101,40000,ymccarthy@example.com
Kendra Kirby,45,4868239650101,45000,chrisbarker@example.net
Stephen Fox,63,2924869710101,28000,randolphgrant@example.com
Elizabeth Ramirez,39,4659376670101,28000,bradley04@example.net
Luis Clark,75,5858948560101,3000,krausejeffrey@example.net
Megan Mcdonald,20,4381762610101,3700,janetreyes@example.com
Alexander Hunter,80,2891835560101,7000,rickydowns@example.com
Adam Marshall,23,2783674930101,3700,cannonjohn@example.com
Theresa Cervantes,42,5636667230101,3000,james74@example.com
Nicholas Knight,69,5833973140101,35000,umcdonald@example.com
David Henderson,71,5379513870101,3700,fdougherty@example.org
William Griffith,58,3963835320101,7000,matthew70@example.com
Brooke Cox,20,4638743310101,7000,aliciawoodard@example.net
Shannon Rasmussen,50,5531731360101,28000,tannerglover@example.org
Jonathan Lindsey,56,2332632490101,35000,qshah@example.net
Gregory Hill,78,2311947640101,3000,adkinsjudith@example.org
Erin White,56,2178898660101,3000,cbarker@example.net
Benjamin Bailey,68,2291579460101,7000,daniel35@example.com
Michael Henry,47,5886857340101,28000,timothylewis@example.com
John Calhoun,19,3171151830101,40000,ernest97@example.org
Samantha Lee,47,2143766930101,2800,katrina60@example.net
Jessica Avila,25,4559383430101,40000,hamiltonheather@example.com
Robert Rodriguez,80,3333731780101,3000,tony47@example.net
Taylor Zavala,21,4265579910101,14000,camposbethany@example.com
Leah Crawford,63,3253113650101,3700,blackburnjesse@example.com
Keith Haley,41,3164616760101,28000,jessica61@example.com
Stacey Ellis,50,2271481560101,45000,maddenshannon@example.com
Frederick Chavez,43,4811498520101,40000,suarezjamie@example.org
David Ruiz,18,5434344380101,3000,campbelljoshua@example.org
Lisa Fleming,51,3915753260101,7000,jaime03@example.com
Ryan Greer,48,5753564980101,3000,james17@example.org
Thomas Munoz,70,2989439720101,14000,barbara94@example.org
Deanna Hernandez,61,5272252730101,7000,harpergrace@example.org
Matthew Rodriguez,52,5545216490101,28000,stevenskatrina@example.org
Mary Sampson,43,3142795130101,28000,roger18@example.org
Joseph Reyes,50,4221877850101,2800,zandrews@example.net
James Miller,39,2334577630101,3000,clarksydney@example.net
Mark Dominguez,70,3718433220101,28000,marc58@example.com
John Meyer,19,2268585870101,40000,eric86@example.org
Ashlee Willis,63,2741715160101,14000,richardsandrew@example.net
Omar Jackson,49,5661931110101,20000,goodwinkevin@example.org
Elizabeth Jackson,46,2739467530101,7000,henry38@example.net
Jesse White,72,5427527930101,3000,theresajordan@example.net
Kristi Watson,60,5162945730101,20000,parkerjason@example.net
Sara Wood,51,5573722180101,20000,alyssalopez@example.org
Kimberly Vance,64,5758181560101,45000,jjackson@example.com
Shane Perez,78,5459271630101,35000,janice39@example.com
Jason Martinez,37,3163544710101,45000,karasimon@example.net
Sandra Jones,56,2181228180101,45000,sharon90@example.org
Elizabeth Smith,58,2787918970101,35000,ericabrown@example.org
Jordan Brown,20,2526743490101,7000,vchambers@example.net
Tyler Wise,31,4414697190101,20000,vcarroll@example.com
Marc Taylor,60,2883142370101,45000,thomas24@example.org
Andres Proctor,72,5137638690101,28000,kimderek@example.com
Alexis Freeman,74,5541642830101,35000,garciaaustin@example.net
Monica Williams,77,3725628290101,3000,riosharold@example.com
Timothy Bush,20,4279956140101,28000,jonathonrogers@example.net
Albert Weber,21,2926633220101,14000,martinamy@example.org
Jillian Wang,74,3464415140101,40000,parkerbenjamin@example.org
Dana Ramos,29,4875226490101,45000,christopherfritz@example.com
Sherri Adams,28,4641167280101,28000,erinhall@example.net
Jeremy Walker,59,5133348120101,40000,stephanie53@example.net
Russell Sims,25,5962298550101,40000,randallfinley@example.org
Theresa Davis,20,4767769920101,14000,chadmartin@example.com
Kristen Landry,46,2487582230101,35000,bryce47@example.org
Thomas Lewis,80,3433572950101,7000,livingstonmathew@example.net
Sharon Wilson,68,2144349180101,3000,cwilkinson@example.net
Bradley Nguyen,66,2286725590101,14000,sellerslori@example.org
Melissa Harvey,48,5927113760101,14000,caseytheresa@example.com
Michael Caldwell,66,5784129110101,45000,brandygonzalez@example.org
Chris Brown,70,3566647540101,3700,ericnorman@example.net
Mary Brandt,26,4115761350101,20000,riverskristin@example.com
Robert Price,66,3682192620101,3000,edwardskathryn@example.org
Nichole Berg,56,4595438980101,14000,blakelori@example.org
Allen Lee,43,3869637530101,14000,ymckenzie@example.net
John Martinez,48,3957284330101,20000,steven52@example.com
Mrs. Jamie Riley DDS,72,3933253840101,40000,uhenderson@example.org
Donna Wilson,69,2838559690101,20000,mrojas@example.net
Adam Gilbert,44,4397687240101,20000,aguilaramy@example.com
Casey Franklin,54,2127615310101,7000,hcollins@example.net
Vicki Young,66,5726348690101,2800,brownashlee@example.com
Amanda Evans,69,4844128870101,35000,brianbrown@example.net
Kimberly Tapia,75,4787939110101,3700,psmall@example.org
Kyle Thompson,51,3174159770101,45000,rvelazquez@example.net
Keith Bell,73,4196348740101,45000,mbernard@example.net
Mark Lutz,26,4593995350101,20000,csolomon@example.com
Christina Camacho,68,4268821250101,14000,laura99@example.org
Joseph Hammond,23,5243219930101,40000,michaeljuarez@example.com
David Vazquez,22,4775749750101,7000,jennifernicholson@example.org
Jessica Kelly,47,5567167970101,45000,cynthia58@example.org
Anna Wright,61,2147853990101,28000,katherine02@example.com
Mr. Martin Williams,72,5482723520101,20000,kristy90@example.com
Daniel Owen,80,2358213790101,28000,maria05@example.net
Sean Davidson,21,4662284350101,2800,sodom@example.org
Jennifer Duran,72,5746747490101,35000,carlostorres@example.org
Laura Swanson,34,5332647550101,7000,amarsh@example.org
Victor Morrison,33,2616432780101,14000,allen97@example.org
Elizabeth Estes,34,4816936130101,14000,chelseamorgan@example.com
Sandra Riley,46,5724868510101,45000,tammy30@example.com
Cheryl Shannon,73,3544174770101,40000,webblauren@example.org
Sean Clark III,20,2389618190101,3000,noah50@example.com
Jennifer Beck,40,4978381270101,7000,tjackson@example.com
Dr. Sarah Miller,68,5428288980101,40000,ccooper@example.com
Stephanie Barnett,56,5175261230101,40000,mark56@example.com
Denise Graham,34,4977975680101,28000,martinezsharon@example.org
Cheryl Robinson,57,3956349530101,40000,karenbrown@example.com
Andrew Ball,55,4549975440101,40000,cameron56@example.com
Leslie Davidson,29,3426784810101,7000,htorres@example.org
Debra Andersen,53,4723718140101,40000,andrew28@example.net
Ms. Tracey Kent,31,3892461220101,20000,stephen79@example.com
Joseph Jackson,47,5927418310101,3700,jeffrey90@example.net
Phillip Gates,46,3499778530101,45000,gomezjo@example.org
Sean Foster,19,2844373590101,20000,mgray@example.org
Nathan Clayton,49,2428238570101,14000,jcruz@example.net
Julie Davis,28,5744946570101,28000,jennifer35@example.net
Tiffany Stafford,70,2729437950101,45000,berryjohn@example.org
Elizabeth Ochoa,70,3971695910101,28000,forbesjennifer@example.com
Mrs. Susan Carr,38,5214881890101,3000,hannah18@example.org
Joshua Woodard,57,2567596120101,35000,clarkrandall@example.com
Emily Daniel,38,3668911690101,20000,pamela12@example.com
April Hale,51,5625357180101,28000,murrayamanda@example.net
Emma Harris,59,3168169630101,7000,brandon78@example.org
Brittany Mckay,53,4424775240101,45000,brian39@example.org
Cynthia Nelson,27,3179329750101,2800,bfriedman@example.org
Andrea Gilbert,69,3479615430101,7000,elizabethwatson@example.com
Jo Soto,64,2721112460101,3700,brittanysantos@example.org
Tony Brewer,54,5991231810101,40000,pharris@example.org
Timothy Williams,45,3161383870101,45000,morganjohnson@example.org
Christian Velazquez MD,34,3747369270101,3000,freemanlarry@example.com
Kristin Rivera,43,4669472390101,2800,ematthews@example.net
Marcus May,33,4257356260101,35000,scottherman@example.org
Andrea Wilson,71,3671519210101,3700,robin20@example.net
David Lowe,53,2754651710101,28000,fbarnett@example.com
Judy Martin,44,2255963170101,20000,rmejia@example.com
Brandon Archer,79,4558375290101,3700,cmorrow@example.org
Gerald Nicholson,50,2159733460101,7000,tjohns@example.com
Blake Russell,41,5912646740101,45000,fletcherxavier@example.org
Suzanne Johnson,20,2343248190101,3700,matacassandra@example.net
Jill Brewer,60,4551262870101,45000,jason47@example.net
Jason Leon,54,4876743110101,35000,melissa17@example.com
Jeffery Garcia DDS,59,5539733790101,14000,susan07@example.com
Janet Barr,21,4648296160101,7000,mikehoward@example.org
Angela Phillips,57,5987896890101,3000,davisanthony@example.net
David Rowe,75,3696392590101,7000,amanda91@example.com
Kevin Carrillo,77,2699525580101,20000,walter54@example.com
Andrea Dunlap,66,4548529510101,45000,iolsen@example.org
Brittany Werner,32,2761496680101,40000,holmesmike@example.com
Lee Jones,45,2429587310101,40000,amy46@example.org
Dana Wolfe,70,5817423360101,14000,stephen62@example.com
Anthony Massey,35,3147914150101,20000,antonio74@example.net
Jamie Boyer,22,2212146310101,20000,jennifermiller@example.net
Larry Gonzalez,28,2262889820101,14000,michaelrios@example.com
Anna Cox,49,2457254630101,3000,garciastacy@example.org
Jessica Jensen,54,5674282960101,2800,butlercharles@example.com
Kristi Williams,54,5416419930101,14000,david83@example.net
Dawn Lin,35,5489639970101,14000,ybonilla@example.net
Rachel Walker,50,2397883660101,3000,bsmith@example.org
David Smith,49,3177949520101,14000,kelly44@example.org
Vanessa Brown,65,4476384450101,3000,vwhite@example.com
Karl Camacho,28,3653735680101,7000,bdavidson@example.com
Robert Lee,34,3245718120101,7000,uphillips@example.org
Brett Johnson,77,4384474350101,40000,fwebb@example.net
David Nelson,19,2929939720101,40000,heidicole@example.org
Calvin Scott,23,5535134570101,3700,erogers@example.net
Jason Leonard,71,3591721830101,28000,imiller@example.com
Melissa Gonzales,18,2653961760101,7000,douglasmckenzie@example.com
Randy Sanchez,20,2421115850101,28000,jean72@example.net
Renee Bryant,77,5356896150101,14000,andersonjohn@example.org
Michael Daniel,40,5234471410101,40000,miranda25@example.net
Thomas Davila,77,5384262390101,20000,jennifer52@example.org
Jerry Short,43,5553616230101,7000,qcoleman@example.net
David Murphy,46,5829422970101,3000,duncansarah@example.com
Thomas Brown,29,5772683150101,2800,christina54@example.org
Luis Salazar,18,5964284270101,28000,tatejennifer@example.org
Jaclyn Evans,40,3481814670101,35000,julie74@example.net
Stephanie Bryant,73,4676749230101,45000,amy30@example.org
Christine Haynes,43,3498951930101,20000,garyglass@example.com
Tony Knight,78,2716467580101,3700,vargasantonio@example.com
Brittany Johnson,68,4653747150101,3700,denniswilliams@example.net
Adam Hicks,45,4761476960101,2800,delgadomichelle@example.com
Peggy Hernandez,46,5947451850101,3000,kari11@example.org
Corey Barber,50,5928796910101,3000,abaker@example.com
Scott Smith,65,4685513250101,45000,pwagner@example.net
Mr. Nicholas Johnston,47,2486115610101,7000,tiffany96@example.com
Taylor Humphrey,68,3228954290101,2800,kevinmontgomery@example.com
Jennifer Price,35,4591321530101,3700,melissa53@example.com
Regina Cox,66,2188941630101,3700,matthewgray@example.net
Helen Wilson,48,2419125690101,28000,eric55@example.org
Cheryl Williams,27,5586521790101,14000,kaufmanjacob@example.org
David Lee,38,4728732650101,35000,cameronstephanie@example.org
Christopher Wiley,62,4247646970101,7000,ujones@example.org
Matthew Walsh,66,2852119730101,3700,tonya53@example.net
Tricia Williamson,48,5935444510101,40000,johnsonlauren@example.net
Nancy Mccoy,77,2913794750101,20000,steven49@example.com
Shelby Russell,69,4854188470101,45000,ohernandez@example.com
Teresa Berger,25,2199597210101,45000,lawrencejamie@example.com
Stacey Parker,50,2935635770101,40000,richard08@example.org
Carla Kelly,31,3124886940101,20000,brian51@example.net
Gregory Butler,61,2829138810101,3000,maycraig@example.com
Jeremy Nelson,65,2416578720101,35000,vazquezpeggy@example.org
Reginald Mitchell,49,4394411470101,14000,hgonzalez@example.net
Margaret Robinson,26,5717231460101,14000,natalierosales@example.com
Adam Smith,51,3171352340101,45000,clarkcheryl@example.org
Shane Ayers MD,27,3377425430101,2800,jacksonmichael@example.net
Kim Hill,71,3684223460101,2800,tyler01@example.net
Kathleen Flores,64,5496698460101,3000,scamacho@example.net
Mrs. Cathy Martin,65,5281847570101,7000,yatesjames@example.net
Monica Fisher,45,4623525220101,14000,carol07@example.com
Emily Brown,44,4582214230101,7000,justin73@example.net
Brian Jones,18,3634371830101,45000,michael50@example.net
Sabrina Gill,65,5374924980101,7000,ashleyhernandez@example.com
Tracy Bond,52,4562487730101,3000,jennifer64@example.org
Joshua Cervantes,73,4255986110101,3700,laura25@example.org
James Garcia,31,3679762560101,35000,ylewis@example.com
Brian Whitney,76,4837513610101,40000,daniellebauer@example.net
Dylan Carney,79,2844213790101,3000,thompsonbruce@example.org
Dylan Wilson,70,3535564310101,20000,christinalane@example.com
Derek Ramirez,55,3318691850101,7000,lbernard@example.org
Paul Zhang,74,5348444430101,3700,mgilbert@example.org
Annette Smith,42,2589143810101,20000,fbowen@example.org
Dominic Johnson,72,5773479290101,3000,hartmanjoseph@example.com
Sean Hancock,56,4998746390101,14000,dmontgomery@example.net
Paul Johnston,37,2138313930101,3000,moorenatasha@example.com
Susan Garcia,48,5952573650101,7000,larry93@example.com
Steven Stephens,63,5258993250101,40000,ejohnson@example.net
Barbara Murphy,76,5444777210101,3700,brownnatasha@example.net
Jason Franklin,31,4963351450101,7000,bretthernandez@example.com
Jeremy Byrd,77,2197296220101,2800,cooktracy@example.org
Jason Mclaughlin,30,5652275510101,40000,gary75@example.org
Kendra Jones,21,4514783940101,3700,ppotts@example.com
Monica Brown,57,5639855390101,40000,newtoncharles@example.net
Dorothy Rowland,63,3584642920101,20000,richardsonbenjamin@example.org
Brandon Miller,44,2863292950101,40000,clarkjoseph@example.net
Kristen Mcfarland,25,4566711840101,7000,davisrobert@example.org
Jacqueline Nguyen,67,4633138580101,28000,tiffany14@example.org
Patricia Farmer,32,4752851470101,20000,chelsey62@example.org
Gregory Hines,29,5542719490101,28000,jessica91@example.net
Teresa Singleton,25,4478438880101,7000,warnerderek@example.com
Andrew Marshall,43,5271523550101,28000,meganduncan@example.org
Derek Fry,56,4174551550101,20000,nicholas48@example.net
John Hill,73,5821591320101,14000,jeffreywalters@example.net
Angela Mitchell,79,2599122630101,45000,wilsoncassandra@example.net
Jeffrey Gomez,38,5764992230101,3000,qwilson@example.com
Terri Brewer,30,2758231680101,7000,pdavis@example.com
Dr. Megan West,28,5667912730101,3000,hallbianca@example.com
Rebecca Todd,77,2289574160101,40000,qwells@example.com
Ashley Shannon,44,5186422750101,3700,jenniferparker@example.com
Christine Phillips,28,4929641670101,20000,terri43@example.com
Danielle Lutz,68,4315742830101,35000,kwhite@example.net
Brandon Henry,18,5252495260101,7000,catherinedorsey@example.net
Patricia Massey,67,3778527210101,3000,emilyhubbard@example.org
Cody Hansen,76,4661485710101,7000,charlesjohnson@example.net
Kendra Marquez,26,3229267280101,3700,scotttyler@example.org
Scott Williams,21,4469164930101,7000,steventhompson@example.org
Alexander Foster,77,5362868580101,40000,pdavenport@example.net
Christopher Williams,28,2116582920101,28000,meyerdavid@example.net
Christina Middleton,55,2795146810101,28000,garrett63@example.net
Ryan Gordon,49,4312232490101,14000,fglover@example.com
Chase Page,64,4114887290101,35000,dhammond@example.com
Tracy Hall,30,4178799640101,14000,rebeccalewis@example.org
Stacy Flores,67,4921193780101,7000,xcochran@example.net
Susan Copeland,28,4138775570101,2800,cdixon@example.com
Tyler Sanders,40,5232426830101,35000,paul37@example.org
Mrs. Julie Mendez,25,4936772350101,45000,katie11@example.org
Christy Walker,30,3654769220101,3700,bautistaryan@example.org
Kathryn Adams,71,4927133330101,3700,brownshane@example.net
Stephanie Hays,43,3457169150101,3700,iedwards@example.com
Keith White,20,5451133350101,20000,joshuamolina@example.net
Cassandra Meyer,32,2673435470101,7000,howardkimberly@example.org
Karen Rodriguez,54,5567742920101,40000,rogersbrady@example.org
Yesenia Shaw,23,3453113420101,3000,bsmith@example.net
Ashley King,58,2684722680101,20000,kimberlypowell@example.net
James James,42,4537517720101,45000,ihall@example.net
Johnny Smith,67,5733689360101,35000,matthewtorres@example.net
Omar Brown,60,2953941110101,3000,barbarataylor@example.org
Paul Sharp,21,3299394150101,45000,marioholmes@example.com
Kelly Cohen,39,5539221170101,7000,frederickwright@example.org
Jacob Costa,44,4536425210101,3000,jacob61@example.org
Jennifer Rodriguez,34,2897972290101,3700,annetteryan@example.com
Thomas Powell III,56,5374812940101,40000,james61@example.net
Marcia Wheeler,80,4628792270101,20000,bhayes@example.net
Jacob Young,42,4258854930101,7000,qlucas@example.org
Kristine Davis,72,5237951640101,3700,bookerlisa@example.org
Dawn Weiss,38,3514916650101,28000,donnabenson@example.org
Patricia White,58,4211581730101,3000,johnpalmer@example.org
Theodore Reyes,32,2932258950101,35000,perrykelly@example.org
John Hall,40,5832241450101,7000,heatheranderson@example.com
James Quinn,72,4371893170101,20000,bzavala@example.org
Ruth Sharp,35,4521576910101,28000,boothsandra@example.com
Renee Carroll,80,2531929770101,3000,xhernandez@example.com
Renee Melton,80,4566936740101,45000,macdonaldkayla@example.org
Casey Martinez,64,5569385120101,14000,ramosjennifer@example.com
Mary Spencer,18,4848467330101,3000,jamie76@example.net
Francis Peterson,73,5664273780101,45000,harveytina@example.org
Ryan Shaw,40,5136616280101,20000,odomchristine@example.org
Richard Sanchez,65,5361194360101,3000,tom66@example.com
Sarah West,38,3424722120101,3000,elizabethdaniels@example.org
Jonathan Murray,50,5633941920101,45000,eatonchristopher@example.org
Heather Taylor,80,3343961950101,28000,kanecorey@example.org
Willie Juarez,25,3354583520101,40000,john31@example.net
Derrick Lopez,80,2736943150101,3000,goodmanjoshua@example.com
Jason Vargas,33,2284256560101,7000,kyle52@example.org
Ralph Simmons,71,2528315630101,7000,glovermitchell@example.org
Bryan Harris,18,2531592430101,40000,dorisroberts@example.net
Brittany Clark,57,4841212880101,7000,danielsanchez@example.net
Nancy Sanford,57,5998185110101,14000,megan78@example.org
Kenneth Moore,63,2622176470101,14000,kellyliu@example.com
Alexander Singh,58,4989659460101,7000,hollowaysteven@example.net
Michael Miller,66,2948216460101,40000,charles78@example.net
Jose Carey,45,4131779720101,3700,morganryan@example.com
Kathleen Perez,57,3743529380101,28000,jonathan04@example.org
Shelby Ramos,77,5774798950101,20000,willisamanda@example.org
Brett Reyes,41,2565535440101,3700,richard74@example.com
James Rodriguez,57,2335849120101,3700,cindy35@example.org
Terry Perez,74,3259345530101,20000,guerrerodonna@example.com
Joshua Newton,70,2238421320101,7000,orosales@example.net
William Lawson,68,5437747380101,20000,arnoldmaria@example.org
Christopher Mcdonald,77,3137923710101,20000,tracymiller@example.com
Marissa Evans,75,4937397530101,3000,holly60@example.org
Justin Moore,27,5286894140101,40000,jenniferparker@example.org
Melinda Klein,38,2572684410101,40000,zbrown@example.net
Robert Meyer,19,2395932210101,35000,william48@example.org
Jessica Buck,46,3395529320101,3000,bdelgado@example.org
Matthew Brooks,36,5613497880101,35000,trevor32@example.com
Tiffany Gonzales,73,5771157630101,40000,dereknelson@example.org
Wayne Tate,64,4643719860101,40000,ewagner@example.com
Rebecca Colon,76,5451212510101,45000,njohnson@example.org
Tracy Stephens,68,2955826840101,7000,lauriestrickland@example.com
Pamela Boyd,22,4612584550101,14000,dlutz@example.net
Daniel Hendricks,70,4339527170101,3000,veronica57@example.com
Amy Matthews,32,5633746410101,3700,daniel80@example.com
Tony Farley,48,2973343920101,20000,ryanfisher@example.org
Alyssa King,65,2152562720101,40000,cody59@example.com
Kayla Powell,58,4453445790101,3700,carolyn48@example.com
Lauren Martinez,62,2463464350101,45000,xtate@example.com
Chelsea Cook,72,2735433180101,3000,dadams@example.com
Sandra Lamb,26,3237528380101,45000,allisonjohns@example.net
Christine Peterson,58,4992711830101,7000,debbie40@example.org
Alexis Mitchell,28,5312879820101,28000,zhughes@example.net
Michael Pacheco,60,2293545560101,2800,staffordmichelle@example.com
Laurie Wallace,75,5889423730101,40000,lisajones@example.org
Garrett Cox,69,3348811440101,7000,rglover@example.org
Angela Wood,58,4661397720101,3700,amygibson@example.net
Jacob Davis,41,3328527980101,40000,xpaul@example.net
Abigail Shaffer,77,4215785960101,7000,bobbygreen@example.com
Maria Haney,43,3152124590101,28000,thomas94@example.net
Henry King,29,3817427410101,3700,villanuevadonald@example.org
Katie Hayes,80,4933264870101,28000,kwest@example.com
Anne Webb,65,2472251740101,3700,xpeterson@example.com
Marco Palmer,37,2186287620101,35000,ydean@example.com
Angel Smith,28,2371998110101,20000,courtney97@example.org
Maria Sanders,52,4855422830101,7000,nmitchell@example.com
Dwayne Benson,65,5847576310101,2800,kwilkinson@example.org
Michael Bullock,43,2629918850101,20000,davilavincent@example.org
Deanna Trevino,80,2767611710101,40000,gburns@example.com
Briana Mann,49,4343984630101,20000,kristina08@example.com
John Davis,56,3875841990101,20000,andrew21@example.net
Megan Thomas,25,2529835290101,7000,gregory00@example.net
Loretta Butler,60,2218431930101,45000,samueljackson@example.net
Patricia Robertson,44,3989148250101,2800,meltonmariah@example.com
Brenda Evans,78,5271162350101,3700,fdennis@example.com
Debra Chung,63,5596511530101,7000,staffordjeffrey@example.com
Robert Porter,43,2653415840101,40000,denise44@example.net
Nicholas Santiago Jr.,52,4988574780101,40000,nhamilton@example.net
Joseph Ortiz,52,5625223690101,3700,willisdawn@example.com
Patrick Barber,51,2983891260101,7000,mckinneyjacqueline@example.net
Melissa Medina,72,2839934670101,45000,nmalone@example.org
Richard Osborn,72,4242458610101,3700,nataliereid@example.org
Karen Bryan,25,2463141390101,7000,alec98@example.net
Stacy Brown,23,4537341820101,3000,jenniferhansen@example.net
Tracy Rivera,24,2127145910101,45000,bdavis@example.com
Sandra Murphy,78,2241249710101,20000,vsimmons@example.org
Hannah Wu,59,3624919720101,20000,jasonhouston@example.com
Heidi Morris,56,3179667410101,35000,campbelldeanna@example.net
Matthew Brown,65,3491854270101,45000,hernandeznatalie@example.net
Bailey Green,27,2145722250101,40000,zperez@example.org
Elizabeth Garcia,73,2894863740101,7000,parkerjames@example.net
Stephanie Fuentes,80,3442373770101,3000,travisfloyd@example.net
Ricardo Wilson,79,5647789330101,3700,yolanda45@example.com
Rodney King,76,2745475460101,7000,nchavez@example.org
Ricky Gonzales,52,5323771690101,3000,mitchell27@example.net
Randy Andrews,19,2879415760101,3700,christinephillips@example.org
Anthony Hensley,37,5952565590101,3000,townsendlinda@example.com
William Pacheco,73,3826165710101,2800,ccooper@example.org
Kim Rodriguez,21,4726867610101,20000,morrisamy@example.net
Victor Ramsey,54,4557831880101,3000,rmorris@example.org
Chase Smith,58,2561832370101,35000,tammy43@example.org
Amanda Delgado,66,2921951720101,35000,cwaller@example.net
Alfred Weber,68,3181779140101,35000,jonesholly@example.org
Kelly Owens,61,5872326190101,3700,andrea61@example.com
Sally Williams,50,4937763120101,35000,qdavis@example.net
Jamie Hernandez,39,5739996160101,3700,sperry@example.org
Sarah Castillo,76,4563798920101,3000,michael73@example.com
Paula Richardson,40,5423155790101,14000,nclarke@example.org
Donna Mason MD,50,5964471790101,40000,robertfreeman@example.com
Colin Williams,74,4144125410101,7000,joel20@example.net
Jennifer Boyd,46,2636742120101,28000,margaret37@example.net
Eric Snyder,56,5484741820101,35000,brownthomas@example.net
Jerry Harris,21,3757132180101,2800,brittany87@example.net
Gail Brown,19,5954668810101,45000,kmckenzie@example.org
Kelly Villegas,21,5563527580101,2800,tiffany72@example.org
Angela Cooper,40,3564117680101,3000,mlee@example.com
Karen Ramirez,61,4124638590101,3700,mitchell65@example.net
Erin Allen,25,3431192670101,14000,williamsscott@example.com
Angela Miller,46,5451535680101,3000,dstone@example.net
William Thomas,67,2689738360101,3000,paige93@example.com
Angela Phillips,20,2757969690101,45000,heather37@example.net
Victor Martin,43,2132657420101,35000,hmelendez@example.org
Richard Wright,28,5257337860101,28000,daniel81@example.org
Melissa Maldonado,41,5348717570101,40000,carmen73@example.net
Timothy Jenkins,50,5161171360101,3700,weissdiane@example.com
Ethan Mayo,65,4248183430101,3000,doylejesse@example.net
Melinda Leon,28,2227725530101,28000,josebartlett@example.com
Kim Orozco,73,3345819810101,14000,pammaynard@example.com
Timothy Boyd,46,4496524470101,40000,amy51@example.net
Daisy Peterson,41,3134229180101,3000,kjones@example.com
Faith Chen,56,4667892660101,45000,jmorales@example.com
Jordan Saunders,53,3527485270101,14000,ljohnson@example.net
Ashley Ortiz,38,2119469360101,3700,vbolton@example.net
Madison Horton,63,2684243980101,40000,james73@example.net
Fred Williams,40,2575337860101,28000,amberrivera@example.com
